"Name","Calls","TotalDurationNs","AverageNs","Percentage"
"bsrsv_upper_shared",363,10589038197,29170904,43.50927122557407
"bsrsv_lower_shared",363,10469354373,28841196,43.01750267560272
"bsrxmvn_3x3_kernel",364,2391099905,6568955,9.824784117179192
"axpy_kernel",1089,473234935,434559,1.9444737810243553
"rocblas_dot_kernel_inc1",545,138166358,253516,0.5677113853621663
"bsrilu0_2_8",1,67033693,67033693,0.27543456504058783
"rocblas_reduction_strided_batched_kernel_part1",364,61728234,169583,0.25363497849527145
"rocblas_scal_kernel",182,48043519,263975,0.1974058889875606
"csrsv_analysis_lower_kernel",1,24596804,24596804,0.10106574332893448
"rocblas_dot_kernel_magsq",181,23971095,132436,0.09849476926284832
"csrsv_analysis_upper_kernel",1,23172623,23172623,0.09521392975998685
"__amd_rocclr_fillBufferAligned.kd",734,15506544,21126,0.06371479789906155
"rocblas_dot_kernel_reduce",726,5160309,7107,0.021203180091689575
"rocblas_reduction_strided_batched_kernel_part2",364,5010814,13765,0.020588920478978954
"sort_and_scatter_kernel",8,1074547,134318,0.004415203344990534
"copy_kernel",2,546831,273415,0.0022468724591334943
"fill_digit_counts_kernel",8,405048,50631,0.0016643006629600435
"__amd_rocclr_copyBuffer.kd",2,108596,54298,0.00044620981907035433
"scan_batches_kernel",8,79856,9982,0.0003281201085830253
"identity_kernel",2,58816,29408,0.00024166890786439613
"scan_digits_kernel",8,35705,4463,0.00014670818068719844
"init_kernel",1,2667,2667,1.095842929261331e-05
